Year,sLOD,PAGES,Mann,PCA,CCA,GraphEM
1524,0.61436588,-0.358837255,-0.291340672,-0.326905305,-0.224032833,-0.449007066
1525,0.612704421,-0.357376923,-0.292428937,-0.326248264,-0.223108558,-0.444786974
1526,0.606300689,-0.356537736,-0.293848348,-0.325446461,-0.222606431,-0.443498232
1527,0.604924047,-0.356875926,-0.295723554,-0.326166211,-0.222809239,-0.445168616
1528,0.603772929,-0.358830909,-0.298073899,-0.328453487,-0.223982189,-0.449532138
1529,0.596834081,-0.361467857,-0.300798365,-0.331342677,-0.226200239,-0.455997638
1530,0.588423726,-0.363489474,-0.303697381,-0.333792103,-0.227615918,-0.460943721
1531,0.583714376,-0.364805172,-0.306524536,-0.334854828,-0.228402024,-0.46266353
1532,0.578880499,-0.365201695,-0.309052034,-0.334866426,-0.229107565,-0.462735212
1533,0.576695677,-0.365075,-0.311129703,-0.33465048,-0.228878232,-0.463347797
1534,0.569280042,-0.366218033,-0.312719778,-0.335578643,-0.22972393,-0.466217506
1535,0.564144625,-0.36778871,-0.31389749,-0.337336858,-0.231125141,-0.471594811
1536,0.562600314,-0.369149206,-0.314818233,-0.339129883,-0.23244442,-0.475105296
1537,0.562687181,-0.371176563,-0.315662318,-0.34141532,-0.233505008,-0.481457383
1538,0.561011072,-0.371858462,-0.316574973,-0.342535348,-0.234253291,-0.48489196
1539,0.562553367,-0.373359091,-0.317620364,-0.34383789,-0.235081742,-0.489361446
1540,0.559575667,-0.374343284,-0.318763661,-0.344767717,-0.235812543,-0.492979189
1541,0.558858653,-0.375397059,-0.319886218,-0.346497289,-0.237228782,-0.497137941
1542,0.556376769,-0.375984058,-0.320828457,-0.347379883,-0.237460508,-0.500075793
1543,0.553134474,-0.377725714,-0.321446366,-0.348953864,-0.238397169,-0.504276957
1544,0.550335146,-0.377995775,-0.32166335,-0.349282866,-0.238444423,-0.505000161
1545,0.544336643,-0.378818056,-0.321500792,-0.349784034,-0.239984091,-0.507875071
1546,0.545540354,-0.380117808,-0.321077565,-0.351003795,-0.240593362,-0.511189164
1547,0.548274429,-0.381221622,-0.320578706,-0.352384205,-0.241622783,-0.513347579
1548,0.548907706,-0.381785333,-0.320203279,-0.352971963,-0.24264851,-0.516394599
1549,0.554798519,-0.382889474,-0.320107927,-0.35418472,-0.243756014,-0.519096356
1550,0.554680782,-0.38367013,-0.321289061,-0.35553416,-0.244717988,-0.522180712
1551,0.558634927,-0.387889744,-0.322403002,-0.359742524,-0.247601165,-0.531682699
1552,0.561893157,-0.390401266,-0.323375669,-0.362671294,-0.250003453,-0.539204992
1553,0.563534123,-0.39187625,-0.324140822,-0.364397064,-0.250926385,-0.542958806
1554,0.564345464,-0.393238272,-0.324661125,-0.365921054,-0.25164675,-0.544132816
1555,0.565890052,-0.395352439,-0.324944358,-0.367938504,-0.253063743,-0.549956319
1556,0.568861155,-0.397308434,-0.32504832,-0.369445054,-0.25411802,-0.556187477
1557,0.569773263,-0.398633333,-0.325071317,-0.370451278,-0.254618096,-0.560083604
1558,0.573246907,-0.400014118,-0.325129708,-0.372127319,-0.255914719,-0.563488571
1559,0.576853571,-0.401256977,-0.325328514,-0.373019203,-0.256890334,-0.566862712
1560,0.581090958,-0.401942529,-0.325733722,-0.373352517,-0.257363624,-0.568216495
1561,0.585253227,-0.401745455,-0.326354947,-0.372987519,-0.256958515,-0.56735446
1562,0.586044087,-0.402083146,-0.32714417,-0.37267668,-0.256688437,-0.568092968
1563,0.582394022,-0.402046667,-0.328011405,-0.372871715,-0.257088752,-0.569070207
1564,0.581809104,-0.402220879,-0.328852866,-0.372394974,-0.256101182,-0.571122827
1565,0.58088414,-0.402880435,-0.329583152,-0.373038652,-0.256150085,-0.573438279
1566,0.580589222,-0.402321505,-0.330161648,-0.372505248,-0.255478605,-0.573031615
1567,0.58336854,-0.401997872,-0.330605034,-0.371955432,-0.255395463,-0.572974194
1568,0.583789645,-0.402670526,-0.330982139,-0.373216311,-0.256341241,-0.574776565
1569,0.587238412,-0.4028125,-0.331392842,-0.37356199,-0.257107059,-0.576718861
1570,0.587334238,-0.403528866,-0.331937622,-0.374003461,-0.257614411,-0.579204116
1571,0.588700079,-0.404397959,-0.332687105,-0.374626307,-0.258347095,-0.581143612
1572,0.589454546,-0.405027273,-0.333660697,-0.375717453,-0.259218104,-0.581712282
1573,0.590368059,-0.406216,-0.334820322,-0.377234961,-0.260369579,-0.585374388
1574,0.590379357,-0.407715842,-0.336080458,-0.378648298,-0.26112853,-0.588756367
1575,0.591407873,-0.408481188,-0.338079772,-0.380201707,-0.262179136,-0.591469832
1576,0.586202218,-0.409646535,-0.340066728,-0.381982935,-0.263575186,-0.593985109
1577,0.583115358,-0.410665347,-0.341869914,-0.38353678,-0.264781493,-0.597061061
1578,0.583285044,-0.411860396,-0.3433518,-0.385265099,-0.266076369,-0.60025167
1579,0.580184916,-0.411235644,-0.344438933,-0.384732666,-0.265411815,-0.598831271
1580,0.582176138,-0.411824752,-0.345139349,-0.385566312,-0.266040263,-0.599841632
1581,0.577252681,-0.41339901,-0.345542747,-0.387847463,-0.267969029,-0.604554661
1582,0.573969667,-0.414005941,-0.345802641,-0.388625135,-0.2681789,-0.605315276
1583,0.575291682,-0.414968317,-0.346103958,-0.389131092,-0.268259409,-0.607047552
1584,0.575871353,-0.414168317,-0.34662319,-0.38839921,-0.267720145,-0.604207816
1585,0.575641806,-0.41439901,-0.347490356,-0.388360239,-0.267498035,-0.605450246
1586,0.572575687,-0.41469604,-0.348761817,-0.389147274,-0.268328291,-0.607379456
1587,0.569216358,-0.415177228,-0.350410343,-0.389481152,-0.268972852,-0.610232672
1588,0.566035144,-0.41609604,-0.352334458,-0.389870437,-0.269935275,-0.612728482
1589,0.560640325,-0.417060396,-0.354384168,-0.39111207,-0.271277173,-0.614343511
1590,0.558122634,-0.417942574,-0.356396143,-0.391961763,-0.27252824,-0.615949019
1591,0.560329246,-0.419962376,-0.358229529,-0.394815047,-0.275809471,-0.61954739
1592,0.563741664,-0.421749505,-0.359794088,-0.396258762,-0.277611328,-0.625194608
1593,0.563278242,-0.423067327,-0.361065119,-0.397656,-0.279313591,-0.628109022
1594,0.562189932,-0.423827723,-0.362083356,-0.398150062,-0.28017163,-0.628606676
1595,0.559204662,-0.423978218,-0.362941718,-0.398867886,-0.281231287,-0.62944689
1596,0.558652585,-0.426020792,-0.363763231,-0.400717961,-0.283229666,-0.634566285
1597,0.560516991,-0.427311881,-0.364675345,-0.402004694,-0.285238918,-0.639774157
1598,0.560338982,-0.428009901,-0.365785419,-0.402368586,-0.285866215,-0.641360044
1599,0.561214257,-0.428363366,-0.36716096,-0.402302589,-0.286262986,-0.641366296
1600,0.562249539,-0.42879505,-0.368816942,-0.402541782,-0.286874055,-0.64096173
1601,0.563827253,-0.429410891,-0.370711659,-0.402956171,-0.287727167,-0.643477228
1602,0.560636634,-0.431348515,-0.372751866,-0.404877559,-0.290208073,-0.649735135
1603,0.557823298,-0.43289703,-0.374807306,-0.406527749,-0.292514492,-0.653954983
1604,0.551610717,-0.433994059,-0.376733455,-0.407413872,-0.293468454,-0.657738766
1605,0.552323226,-0.434026733,-0.378399581,-0.407681221,-0.294015349,-0.660415968
1606,0.555307445,-0.433670297,-0.379717187,-0.408063928,-0.294813461,-0.659803916
1607,0.554387152,-0.43329604,-0.380662418,-0.407820617,-0.294646629,-0.65875198
1608,0.548882533,-0.432907921,-0.381286008,-0.408319829,-0.295840944,-0.658098581
1609,0.544761606,-0.433480198,-0.381706298,-0.408853364,-0.295692709,-0.658865472
1610,0.543849889,-0.432738614,-0.38208478,-0.408417904,-0.294604073,-0.657866667
1611,0.545229317,-0.433210891,-0.382588683,-0.408659799,-0.294923989,-0.660739292
1612,0.546957861,-0.433847525,-0.383349604,-0.409156323,-0.295743818,-0.659471413
1613,0.548316253,-0.435728713,-0.38442966,-0.411452327,-0.298230708,-0.663065774
1614,0.550837678,-0.43710396,-0.385805616,-0.413466861,-0.299897309,-0.66797843
1615,0.546864091,-0.439339604,-0.387376895,-0.416186035,-0.302375758,-0.672760747
1616,0.546816227,-0.441906931,-0.388996301,-0.418885191,-0.304721783,-0.679171278
1617,0.541447559,-0.443937624,-0.390514846,-0.420658523,-0.306556741,-0.685915022
1618,0.541587179,-0.445508911,-0.391826874,-0.422635021,-0.308846138,-0.689516573
1619,0.538269671,-0.447340594,-0.392900745,-0.42490732,-0.311359506,-0.693817447
1620,0.534801383,-0.449965347,-0.39378444,-0.427205093,-0.313553489,-0.70072208
1621,0.539356449,-0.451340594,-0.394583522,-0.427997573,-0.315292124,-0.703916939
1622,0.546674688,-0.452252475,-0.395418345,-0.428358881,-0.316598844,-0.704862818
1623,0.547919779,-0.453412871,-0.396374971,-0.429039829,-0.318147563,-0.706884764
1624,0.55226918,-0.454532673,-0.397467047,-0.429898237,-0.31912749,-0.71008011
1625,0.552597705,-0.455860396,-0.398622667,-0.430735233,-0.320793516,-0.713169917
1626,0.552044863,-0.458161386,-0.399701844,-0.432330144,-0.322902473,-0.71915752
1627,0.556073285,-0.460522772,-0.40053947,-0.434554684,-0.325415525,-0.724465845
1628,0.557357172,-0.462147525,-0.400999384,-0.435685346,-0.32706385,-0.727058528
1629,0.557553106,-0.462944554,-0.401020733,-0.435849969,-0.328397095,-0.729878025
1630,0.56318161,-0.463513861,-0.400640104,-0.435765395,-0.329437352,-0.732297915
1631,0.570847394,-0.463877228,-0.39998113,-0.435459532,-0.330518692,-0.733955814
1632,0.576644671,-0.464075248,-0.399214673,-0.434964118,-0.331068826,-0.736345671
1633,0.580241019,-0.464128713,-0.398503217,-0.434793601,-0.33116072,-0.738352231
1634,0.582077845,-0.464377228,-0.397948915,-0.435106242,-0.33179181,-0.739101879
1635,0.587554777,-0.464676238,-0.397563714,-0.435231381,-0.33252362,-0.741077149
1636,0.58944567,-0.463587129,-0.397272404,-0.433801177,-0.331778099,-0.738399917
1637,0.592507635,-0.46289802,-0.396947931,-0.432968087,-0.332037779,-0.738379258
1638,0.593158645,-0.461789109,-0.396466879,-0.431423947,-0.331865222,-0.736437862
1639,0.595336596,-0.460571287,-0.395765703,-0.430419313,-0.331439682,-0.734793593
1640,0.592946076,-0.459351485,-0.394877651,-0.42928579,-0.33108593,-0.73260706
1641,0.591707675,-0.458454455,-0.393936635,-0.428363495,-0.331158219,-0.730320197
1642,0.592715298,-0.457632673,-0.393145461,-0.426985527,-0.330686375,-0.72853347
1643,0.594585386,-0.456839604,-0.392717965,-0.425535957,-0.330430274,-0.726570446
1644,0.598768692,-0.455447525,-0.392813677,-0.423892199,-0.329928271,-0.723353364
1645,0.600304288,-0.456248515,-0.393486371,-0.424344283,-0.330865235,-0.72509276
1646,0.606657322,-0.456619802,-0.394663527,-0.424781509,-0.330998632,-0.725191795
1647,0.608201277,-0.456894059,-0.396163554,-0.424749058,-0.331720679,-0.72652023
1648,0.605998849,-0.457916832,-0.39774532,-0.425158719,-0.332878618,-0.730713121
1649,0.6056576,-0.460345545,-0.39917406,-0.427029559,-0.334859264,-0.738012533
1650,0.603392229,-0.461128713,-0.399940003,-0.427471563,-0.335717485,-0.741620258
1651,0.602846472,-0.462639604,-0.399791291,-0.427903657,-0.335961511,-0.74730396
1652,0.604296698,-0.461176238,-0.39976509,-0.426184103,-0.335066727,-0.744312584
1653,0.599902722,-0.460081188,-0.39993987,-0.42446271,-0.334049092,-0.741978671
1654,0.600936694,-0.46080099,-0.400363676,-0.424198736,-0.334535972,-0.745468634
1655,0.600725229,-0.461738614,-0.401033996,-0.424198945,-0.335243271,-0.751815323
1656,0.597778969,-0.461621782,-0.401887953,-0.423667656,-0.334662649,-0.75319076
1657,0.595275599,-0.46090396,-0.402808441,-0.422639443,-0.334134956,-0.751535461
1658,0.592838562,-0.460929703,-0.403646956,-0.422233052,-0.334336681,-0.751866241
1659,0.589489425,-0.46070099,-0.40425821,-0.420397682,-0.33331997,-0.75229343
1660,0.584099002,-0.459937624,-0.404537124,-0.419408699,-0.332753379,-0.752066589
1661,0.579944163,-0.45990198,-0.404447038,-0.419028146,-0.332545715,-0.755830578
1662,0.575665089,-0.459728713,-0.404029957,-0.41861692,-0.332697667,-0.758593579
1663,0.573808793,-0.459283168,-0.403394631,-0.417854647,-0.332566039,-0.759130188
1664,0.576735912,-0.460223762,-0.402685003,-0.417948432,-0.332937444,-0.762274219
1665,0.577141525,-0.460470297,-0.402037664,-0.418074222,-0.334042646,-0.761800178
1666,0.579385423,-0.460173267,-0.401540667,-0.417167278,-0.333508234,-0.761553793
1667,0.579046355,-0.461332673,-0.401205972,-0.417679923,-0.334130227,-0.765318292
1668,0.576225901,-0.46169505,-0.400964028,-0.417832003,-0.33394652,-0.766056276
1669,0.574829913,-0.461514851,-0.400682514,-0.416235866,-0.333307944,-0.765400611
1670,0.571999733,-0.460845545,-0.400204174,-0.414598435,-0.332151262,-0.762560688
1671,0.570063065,-0.460241584,-0.399392953,-0.413795609,-0.331862779,-0.762090455
1672,0.568939665,-0.458310891,-0.398175152,-0.411170531,-0.330079067,-0.758512848
1673,0.570360112,-0.457648515,-0.396563664,-0.409858053,-0.329234942,-0.757607514
1674,0.569399653,-0.456154455,-0.394658247,-0.407468491,-0.32783157,-0.754581711
1675,0.571637297,-0.454468317,-0.392621696,-0.406057303,-0.326724596,-0.751040421
1676,0.567759959,-0.452650495,-0.390638745,-0.40486781,-0.325783319,-0.747130604
1677,0.573173691,-0.451317822,-0.388869441,-0.403914218,-0.324960532,-0.74348776
1678,0.571790731,-0.449828713,-0.387410247,-0.402858201,-0.324346635,-0.740940493
1679,0.568872574,-0.448678218,-0.386273732,-0.401873926,-0.324128686,-0.738234224
1680,0.575367385,-0.448530693,-0.385392173,-0.402203481,-0.324573047,-0.737026267
1681,0.578354769,-0.44849604,-0.384643384,-0.4024375,-0.324738317,-0.73703544
1682,0.584760471,-0.44760297,-0.383890617,-0.400949629,-0.323403596,-0.734893496
1683,0.585300673,-0.447493069,-0.383024389,-0.401263126,-0.324168749,-0.73242752
1684,0.587150692,-0.446273267,-0.381993767,-0.400817525,-0.324496124,-0.729918028
1685,0.585981229,-0.447133663,-0.380817974,-0.401944443,-0.325751364,-0.730881476
1686,0.585294035,-0.447346535,-0.379575232,-0.403100178,-0.326848698,-0.731417371
1687,0.585131349,-0.448169307,-0.378372683,-0.40423457,-0.327713869,-0.732721426
1688,0.59007373,-0.448543564,-0.377306944,-0.40559176,-0.328682518,-0.734192249
1689,0.593072195,-0.447977228,-0.376427676,-0.4053862,-0.328286641,-0.733531816
1690,0.601609775,-0.44790198,-0.375715546,-0.405108268,-0.327811057,-0.73640379
1691,0.600780375,-0.448010891,-0.375081581,-0.405162033,-0.327840301,-0.738879879
1692,0.599234374,-0.447170297,-0.374388329,-0.403970603,-0.325978316,-0.739557682
1693,0.598049968,-0.445505941,-0.373486645,-0.402920897,-0.324441313,-0.736696361
1694,0.598738703,-0.443893069,-0.372257242,-0.401632247,-0.323129437,-0.735693793
1695,0.601112778,-0.443288119,-0.370644905,-0.401440829,-0.322447003,-0.736786444
1696,0.605589844,-0.443086139,-0.368675671,-0.401445445,-0.32194035,-0.737138908
1697,0.609564965,-0.441241584,-0.366452603,-0.399602416,-0.319982041,-0.733806268
1698,0.608263902,-0.439673267,-0.364132171,-0.398181533,-0.318244308,-0.731079004
1699,0.611066011,-0.438929703,-0.361888703,-0.397552466,-0.318138945,-0.729993348
1700,0.611037461,-0.438535644,-0.359877267,-0.39739225,-0.318205127,-0.728478564
1701,0.610227494,-0.438214851,-0.358204876,-0.397458068,-0.31784669,-0.729616937
1702,0.605690036,-0.438382178,-0.35691658,-0.397714115,-0.317921954,-0.730706437
1703,0.603907692,-0.437464356,-0.355998018,-0.396282432,-0.315735714,-0.727020329
1704,0.603029925,-0.437279208,-0.355391116,-0.396228964,-0.314411959,-0.72573799
1705,0.604256252,-0.437190099,-0.35501635,-0.396165416,-0.313645966,-0.726511913
1706,0.603581674,-0.436930693,-0.354794137,-0.395708184,-0.312746307,-0.727030785
1707,0.599425999,-0.437031683,-0.35465952,-0.395434331,-0.311926736,-0.727829931
1708,0.601702667,-0.438329703,-0.354567465,-0.396739647,-0.312766523,-0.732417864
1709,0.603372632,-0.438332673,-0.3544896,-0.396331143,-0.311819939,-0.73430696
1710,0.605562546,-0.438389109,-0.354405923,-0.396643316,-0.311772866,-0.734059601
1711,0.604152346,-0.438444554,-0.354296021,-0.39648641,-0.311499839,-0.733867779
1712,0.601731823,-0.43870495,-0.354133691,-0.397449569,-0.311662489,-0.734736044
1713,0.600611883,-0.438034653,-0.353886829,-0.396760379,-0.310491322,-0.734909389
1714,0.599199156,-0.437028713,-0.353522094,-0.395267095,-0.30929542,-0.734785998
1715,0.596662405,-0.436346535,-0.353011914,-0.394018817,-0.307820135,-0.733212787
1716,0.598717347,-0.434969307,-0.352340678,-0.391876484,-0.306029197,-0.730142624
1717,0.600822399,-0.433609901,-0.351507491,-0.389678369,-0.303912821,-0.726474509
1718,0.6041125,-0.433420792,-0.350524457,-0.389311538,-0.302734425,-0.72508228
1719,0.606555492,-0.432088119,-0.349411305,-0.388273662,-0.300921928,-0.722528689
1720,0.609942048,-0.430693069,-0.348188619,-0.386762177,-0.299012013,-0.720803295
1721,0.616993665,-0.42900297,-0.346872328,-0.385110036,-0.297171782,-0.717157204
1722,0.614764233,-0.428418812,-0.34547146,-0.384850541,-0.295955057,-0.715734823
1723,0.612276566,-0.426532673,-0.343989689,-0.383261587,-0.294194465,-0.713045489
1724,0.613495129,-0.42390396,-0.342429632,-0.38115762,-0.292127842,-0.708133192
1725,0.609734773,-0.422435644,-0.340797801,-0.380391998,-0.291071289,-0.704543528
1726,0.607353097,-0.420233663,-0.339108082,-0.379039877,-0.289634191,-0.698858157
1727,0.607329787,-0.418094059,-0.337382458,-0.37741238,-0.288060239,-0.692995144
1728,0.607008009,-0.416375248,-0.33564907,-0.376230785,-0.286630003,-0.690591123
1729,0.605480324,-0.414859406,-0.333938894,-0.375225275,-0.285503026,-0.688151923
1730,0.60581188,-0.413267327,-0.332282743,-0.373739618,-0.283561294,-0.685262147
1731,0.603188846,-0.411479208,-0.330709806,-0.372334812,-0.281190965,-0.681109583
1732,0.595180559,-0.410529703,-0.329247755,-0.372127016,-0.279738217,-0.67882787
1733,0.589439439,-0.410571287,-0.327923219,-0.372808824,-0.279359469,-0.679937604
1734,0.590192464,-0.410611881,-0.326760854,-0.373135475,-0.278513942,-0.680113008
1735,0.591427068,-0.410551485,-0.325779656,-0.373441104,-0.278107121,-0.680042098
1736,0.591338935,-0.409373267,-0.324986542,-0.372495799,-0.276062945,-0.676625304
1737,0.593129345,-0.410357426,-0.324368901,-0.37355829,-0.275910177,-0.678214715
1738,0.589845958,-0.410483168,-0.323889033,-0.374201077,-0.275483536,-0.678351428
1739,0.592115759,-0.41049802,-0.323483461,-0.374222278,-0.274343798,-0.678589718
1740,0.594590277,-0.412238614,-0.323068815,-0.374845378,-0.27389615,-0.680765941
1741,0.598646871,-0.412020792,-0.322553799,-0.374504181,-0.273589459,-0.679405759
1742,0.607554818,-0.411519802,-0.321854412,-0.374012619,-0.272287317,-0.678893542
1743,0.609137299,-0.411140594,-0.320908123,-0.374113307,-0.271841368,-0.677289242
1744,0.608500949,-0.410676238,-0.319682727,-0.374208123,-0.27156456,-0.677818792
1745,0.605213116,-0.410573267,-0.318177253,-0.374463589,-0.271512685,-0.679574594
1746,0.604244661,-0.408735644,-0.316415,-0.373551694,-0.27092856,-0.677190519
1747,0.60246926,-0.407707921,-0.314431636,-0.372915228,-0.269903185,-0.675393928
1748,0.601888794,-0.405121782,-0.312263159,-0.371278996,-0.267914799,-0.669704291
1749,0.604565972,-0.402758416,-0.309938689,-0.369795889,-0.265521013,-0.664998302
1750,0.603356666,-0.399589109,-0.306925487,-0.36751635,-0.262285411,-0.656003182
1751,0.602594576,-0.397075248,-0.304313805,-0.36577356,-0.26014746,-0.649351113
1752,0.603157972,-0.394227723,-0.301645824,-0.364417192,-0.258889897,-0.641082036
1753,0.598797179,-0.390979208,-0.298980719,-0.361727613,-0.256802893,-0.634951879
1754,0.602304969,-0.388070297,-0.296418378,-0.359622955,-0.255068395,-0.62718922
1755,0.601230419,-0.38539802,-0.294084315,-0.357768735,-0.253303768,-0.620201588
1756,0.600915565,-0.382961386,-0.292108309,-0.356151309,-0.25183774,-0.613355032
1757,0.600855806,-0.38039802,-0.290600969,-0.354132263,-0.25073808,-0.606857582
1758,0.600186383,-0.378730693,-0.289633167,-0.353346738,-0.250141498,-0.603154236
1759,0.600776355,-0.378625743,-0.289223034,-0.354139099,-0.250596881,-0.60261262
1760,0.599984055,-0.379140594,-0.28933376,-0.356289549,-0.25147416,-0.603369194
1761,0.602286934,-0.379467327,-0.289882986,-0.357334107,-0.251391321,-0.603464654
1762,0.601089816,-0.38000099,-0.290761642,-0.359002736,-0.252230839,-0.603506496
1763,0.600568367,-0.381137624,-0.291857446,-0.361105677,-0.253635209,-0.603932855
1764,0.60119222,-0.382412871,-0.293076889,-0.363480176,-0.255768152,-0.608885107
1765,0.599408881,-0.383176238,-0.294359792,-0.365332453,-0.256648223,-0.611034655
1766,0.599105164,-0.384315842,-0.295682714,-0.367115091,-0.257894291,-0.615912135
1767,0.597503624,-0.385276238,-0.29705078,-0.368784146,-0.259450952,-0.619288546
1768,0.59602435,-0.386254455,-0.298481056,-0.370660098,-0.261201299,-0.620592393
1769,0.594540884,-0.387554455,-0.299983147,-0.372744121,-0.263133694,-0.624656694
1770,0.593073199,-0.388190099,-0.301543429,-0.374858401,-0.264673321,-0.628273272
1771,0.590641322,-0.390277228,-0.303118047,-0.377943012,-0.267049215,-0.635306743
1772,0.589017373,-0.390867327,-0.304636894,-0.379369084,-0.268118077,-0.63744846
1773,0.587182837,-0.391770297,-0.306017418,-0.38137891,-0.269447522,-0.641616833
1774,0.581486674,-0.392019802,-0.307184137,-0.382162818,-0.270484466,-0.645611773
1775,0.582820179,-0.392177228,-0.308088315,-0.383187476,-0.271697203,-0.647326984
1776,0.581844835,-0.392220792,-0.308722452,-0.383571212,-0.273023309,-0.648987193
1777,0.581002306,-0.392973267,-0.309125901,-0.384119464,-0.274039569,-0.654099147
1778,0.579335015,-0.392726733,-0.309380359,-0.383585055,-0.274017533,-0.654787051
1779,0.577718899,-0.392614851,-0.309596326,-0.383006613,-0.273727127,-0.654470029
1780,0.582283303,-0.393028713,-0.309893461,-0.383228858,-0.273801272,-0.657358513
1781,0.577931096,-0.393084158,-0.310378637,-0.383294518,-0.27444945,-0.659125316
1782,0.575066593,-0.393519802,-0.311125717,-0.383482431,-0.274726489,-0.661080011
1783,0.57297887,-0.39430198,-0.312160637,-0.384765538,-0.27595779,-0.662350968
1784,0.576119131,-0.394346535,-0.313454668,-0.385112703,-0.275943508,-0.665444668
1785,0.574521384,-0.396276238,-0.314927649,-0.387131974,-0.277133123,-0.672113542
1786,0.576652286,-0.398183168,-0.316461551,-0.389234552,-0.278249778,-0.679692625
1787,0.575446698,-0.399814851,-0.317922848,-0.390963742,-0.279363283,-0.685408926
1788,0.575989162,-0.40050495,-0.319190081,-0.39187684,-0.279792539,-0.689018003
1789,0.573571104,-0.400945545,-0.320181083,-0.392339462,-0.280293449,-0.690424735
1790,0.569541231,-0.402345545,-0.320873291,-0.394705517,-0.281800035,-0.695964068
1791,0.559561674,-0.403114851,-0.321311119,-0.395689854,-0.282960449,-0.697634224
1792,0.557265296,-0.404552475,-0.321596718,-0.397754958,-0.284894538,-0.702804641
1793,0.551846147,-0.404789109,-0.321864477,-0.398667132,-0.286344353,-0.704326187
1794,0.54563976,-0.405270297,-0.322244253,-0.399424628,-0.287421879,-0.706322854
1795,0.543895821,-0.406135644,-0.322822294,-0.400553289,-0.288860581,-0.709832589
1796,0.541262045,-0.405079208,-0.323610644,-0.399767425,-0.289059079,-0.708965412
1797,0.536279982,-0.404637624,-0.324534666,-0.400219041,-0.289944253,-0.709222381
1798,0.534598432,-0.405416832,-0.325444031,-0.40164489,-0.290893307,-0.711821515
1799,0.535622122,-0.407043564,-0.3261463,-0.404129353,-0.29258351,-0.717703996
1800,0.53415301,-0.407556436,-0.32645561,-0.405838663,-0.293852869,-0.725724464
1801,0.535276771,-0.40760396,-0.326244081,-0.40687902,-0.295329573,-0.733015868
1802,0.536826344,-0.406493069,-0.325481952,-0.406337402,-0.29557122,-0.735972429
1803,0.543084957,-0.405981188,-0.32425468,-0.406735745,-0.296435637,-0.739169847
1804,0.547664831,-0.405931683,-0.322750921,-0.408154836,-0.298831346,-0.746294077
1805,0.553512793,-0.405362376,-0.321222884,-0.407895858,-0.29989074,-0.750862737
1806,0.554910112,-0.405768317,-0.319928009,-0.408575415,-0.301807261,-0.755680516
1807,0.555596775,-0.406860396,-0.319066224,-0.409482689,-0.303519342,-0.760505042
1808,0.554986951,-0.407383168,-0.318728817,-0.410153089,-0.305189515,-0.764790853
1809,0.553052114,-0.407737624,-0.318872575,-0.410572234,-0.306504898,-0.768216525
1810,0.552858423,-0.40830495,-0.319326891,-0.411041884,-0.307777247,-0.770790383
1811,0.552954965,-0.408415842,-0.319833326,-0.410978638,-0.308843029,-0.773368541
1812,0.554009176,-0.409807921,-0.320108698,-0.412137327,-0.310760944,-0.780526724
1813,0.554522583,-0.410481188,-0.319916157,-0.412309224,-0.312246203,-0.784076285
1814,0.548372358,-0.411814851,-0.319125936,-0.413629994,-0.314271089,-0.791424088
1815,0.546787861,-0.412422772,-0.317749261,-0.414383366,-0.315726713,-0.795709497
1816,0.54967567,-0.413647525,-0.315935466,-0.415321146,-0.317866178,-0.801521925
1817,0.546187923,-0.41479604,-0.313931996,-0.416528264,-0.319264309,-0.808051198
1818,0.547332044,-0.414837624,-0.312017408,-0.417027286,-0.32050047,-0.812626892
1819,0.548051983,-0.414329703,-0.310425615,-0.417054926,-0.321635433,-0.816874887
1820,0.542753748,-0.41439505,-0.30928292,-0.417314544,-0.322906566,-0.820538982
1821,0.539209329,-0.414864356,-0.308576346,-0.41839196,-0.324717698,-0.825096918
1822,0.53529785,-0.414642574,-0.30816295,-0.418940905,-0.32609876,-0.828186753
1823,0.534417422,-0.414245545,-0.307817558,-0.418873525,-0.327512393,-0.83161988
1824,0.533761593,-0.415136634,-0.307304366,-0.419810596,-0.328822875,-0.836215519
1825,0.531291803,-0.41590297,-0.306450173,-0.420899802,-0.330502696,-0.841949557
1826,0.531120563,-0.41580396,-0.305196252,-0.421089122,-0.331909419,-0.846724546
1827,0.529658034,-0.415672277,-0.30361277,-0.420961223,-0.332750191,-0.852018797
1828,0.533146064,-0.415014851,-0.301871919,-0.420720605,-0.333044909,-0.858094938
1829,0.53164807,-0.41480396,-0.300189739,-0.420579393,-0.333677757,-0.861151296
1830,0.5297431,-0.415062376,-0.298756984,-0.421039417,-0.335220465,-0.865548345
1831,0.526323164,-0.414915842,-0.29768281,-0.421740426,-0.336939183,-0.869061179
1832,0.52350501,-0.414513861,-0.296970133,-0.42157649,-0.338233994,-0.870319874
1833,0.525014966,-0.41400297,-0.296529961,-0.421016391,-0.339523106,-0.871455263
1834,0.525906552,-0.414177228,-0.296227921,-0.421137059,-0.340725776,-0.870715949
1835,0.522811115,-0.414647525,-0.295944664,-0.421293293,-0.342457617,-0.87303373
1836,0.52168705,-0.414593069,-0.295627067,-0.420904759,-0.343845098,-0.874761144
1837,0.518195154,-0.415427723,-0.295310817,-0.421999491,-0.346736031,-0.880653317
1838,0.515264154,-0.414156436,-0.295105841,-0.420960588,-0.347504891,-0.881647057
1839,0.516460367,-0.413014851,-0.29515001,-0.419466536,-0.347460825,-0.88228124
1840,0.514024554,-0.412889109,-0.295548518,-0.419562862,-0.34920821,-0.883509576
1841,0.511533226,-0.41159802,-0.296321918,-0.418603317,-0.350197778,-0.883193127
1842,0.508942526,-0.412757426,-0.297382889,-0.419699323,-0.351844272,-0.889673468
1843,0.500923283,-0.413883168,-0.298551549,-0.420930619,-0.354125387,-0.89363602
1844,0.496478076,-0.414150495,-0.299605355,-0.420599309,-0.354478926,-0.897344457
1845,0.494047314,-0.414724752,-0.300347275,-0.421236187,-0.356017945,-0.899347069
1846,0.493548362,-0.413983168,-0.300669493,-0.420913429,-0.356278489,-0.899934916
1847,0.491882697,-0.413487129,-0.300591485,-0.420274751,-0.356222742,-0.900630562
1848,0.488642474,-0.412623762,-0.300260122,-0.419327572,-0.356456645,-0.901444475
1849,0.483674077,-0.41380495,-0.299912086,-0.420300209,-0.358817441,-0.906254658
1850,0.479882249,-0.413027723,-0.29981083,-0.419456552,-0.359675138,-0.908329123
1851,0.480637865,-0.411890099,-0.300733336,-0.418532196,-0.360351183,-0.907994975
1852,0.480571937,-0.412461386,-0.302081822,-0.418587539,-0.361676716,-0.913368133
1853,0.481078386,-0.413216832,-0.303840933,-0.418518758,-0.362966155,-0.917020752
1854,0.483990908,-0.414361386,-0.305900391,-0.419392694,-0.364736551,-0.921713171
1855,0.486269125,-0.416111881,-0.308085866,-0.42015232,-0.365998898,-0.929754614
1856,0.487270308,-0.416315842,-0.310199623,-0.420077324,-0.36694905,-0.931844423
1857,0.489252261,-0.417049505,-0.312059339,-0.420707286,-0.368497857,-0.935483086
1858,0.492012672,-0.417554455,-0.313526337,-0.421432943,-0.369987247,-0.937363342
1859,0.491449162,-0.418765347,-0.314519216,-0.422465044,-0.371700854,-0.939714317
1860,0.493293161,-0.418262376,-0.315013512,-0.421916365,-0.372525318,-0.940549452
1861,0.495505135,-0.416738614,-0.315031212,-0.420128818,-0.372870891,-0.938499541
1862,0.494876824,-0.416323762,-0.314625167,-0.419893226,-0.374337147,-0.938662201
1863,0.496330123,-0.414991089,-0.313862997,-0.418517946,-0.374721866,-0.934023422
1864,0.500696974,-0.413373267,-0.312813677,-0.416543815,-0.374119606,-0.931785284
1865,0.504199674,-0.411067327,-0.3115385,-0.414070001,-0.372270157,-0.924627461
1866,0.505514269,-0.409338614,-0.310086781,-0.412060475,-0.372059165,-0.919464765
1867,0.504726052,-0.40780396,-0.308495849,-0.411326489,-0.372462488,-0.913796128
1868,0.50175461,-0.405931683,-0.30679421,-0.409917624,-0.372524985,-0.908897613
1869,0.50175439,-0.403341584,-0.305006367,-0.407589594,-0.371763807,-0.905509515
1870,0.50072831,-0.400805941,-0.303157582,-0.405488198,-0.37088707,-0.9004031
1871,0.502665191,-0.398391089,-0.301276923,-0.403128594,-0.369616101,-0.89481761
1872,0.503512717,-0.395375248,-0.299397527,-0.400166122,-0.367731211,-0.887512885
1873,0.506266444,-0.393232673,-0.297553836,-0.398176775,-0.366808478,-0.879225271
1874,0.504286485,-0.391667327,-0.295776537,-0.397199944,-0.366770781,-0.873239657
1875,0.508388462,-0.389375248,-0.294086672,-0.395586842,-0.365710762,-0.866747172
1876,0.507318479,-0.387374257,-0.292490515,-0.394614368,-0.364999524,-0.861723283
1877,0.504705912,-0.385751485,-0.290976468,-0.393752232,-0.364664262,-0.857377498
1878,0.506870751,-0.383731683,-0.289514409,-0.392598021,-0.364340641,-0.850725273
1879,0.504731149,-0.382720792,-0.288057129,-0.392183925,-0.364866358,-0.849645166
1880,0.508758973,-0.380351485,-0.286543108,-0.390034084,-0.363410383,-0.845378527
1881,0.507423602,-0.377829703,-0.284900001,-0.388299735,-0.362450392,-0.840944986
1882,0.508075875,-0.375631683,-0.283048781,-0.386427657,-0.361439175,-0.83857672
1883,0.509808384,-0.372690099,-0.280909097,-0.384002035,-0.36015641,-0.833823406
1884,0.509322245,-0.369009901,-0.278406634,-0.380601062,-0.357649032,-0.82765607
1885,0.511891608,-0.366082178,-0.275482705,-0.377753562,-0.35577693,-0.820452334
1886,0.513300406,-0.361591089,-0.2721052,-0.373462133,-0.353026273,-0.808807622
1887,0.514464875,-0.355909901,-0.268278614,-0.368265449,-0.349794879,-0.79580407
1888,0.518536395,-0.350516832,-0.264050044,-0.363209044,-0.346494143,-0.782896949
1889,0.518505715,-0.345729703,-0.259508277,-0.358604505,-0.343617626,-0.772538646
1890,0.519951624,-0.340640594,-0.254774685,-0.353946068,-0.340199509,-0.762052308
1891,0.52639518,-0.336180198,-0.249987208,-0.349092816,-0.337038615,-0.751835014
1892,0.536235806,-0.331106931,-0.245281344,-0.344179932,-0.333406834,-0.741300813
1893,0.538717354,-0.325931683,-0.240773641,-0.339833953,-0.330326116,-0.728542925
1894,0.544436692,-0.320748515,-0.236552778,-0.335316902,-0.327134796,-0.717348284
1895,0.549750617,-0.316245545,-0.232680732,-0.331451373,-0.324250228,-0.706034276
1896,0.549139907,-0.311658416,-0.229202532,-0.327335067,-0.320668342,-0.694039677
1897,0.549390488,-0.30859901,-0.226159079,-0.325024806,-0.31886584,-0.687960049
1898,0.552641642,-0.304628713,-0.223595449,-0.320270148,-0.315451361,-0.6788153
1899,0.551162785,-0.301517822,-0.221558001,-0.317411123,-0.314264648,-0.673690079
1900,0.551358373,-0.296565347,-0.220077833,-0.312368332,-0.311109938,-0.660600353
1901,0.551237452,-0.292131683,-0.219144293,-0.307775641,-0.307725549,-0.64703051
1902,0.550390332,-0.288328713,-0.218678046,-0.304129762,-0.304545398,-0.635957723
1903,0.549109265,-0.285211881,-0.218516069,-0.300835112,-0.301672096,-0.625563377
1904,0.544333517,-0.281940594,-0.218419231,-0.297519054,-0.298836352,-0.612898695
1905,0.540700085,-0.278358416,-0.218106719,-0.293272479,-0.294885918,-0.599176959
1906,0.535099369,-0.275766337,-0.217312319,-0.290530262,-0.292485527,-0.589918962
1907,0.536543733,-0.270936634,-0.215848735,-0.285426592,-0.288007466,-0.575890068
1908,0.540947733,-0.266272277,-0.213661067,-0.28126446,-0.284045449,-0.563735088
1909,0.541368382,-0.262282178,-0.210851532,-0.277495535,-0.280661515,-0.552381992
1910,0.542951712,-0.257232673,-0.207664824,-0.272656765,-0.276336999,-0.537734593
1911,0.540832167,-0.25340099,-0.204434954,-0.269664539,-0.273391785,-0.526466741
1912,0.539364502,-0.250154455,-0.201506438,-0.266436031,-0.270355605,-0.519429805
1913,0.534860167,-0.245571287,-0.199151144,-0.261970505,-0.265835595,-0.508372524
1914,0.535823863,-0.242683168,-0.19750411,-0.259047614,-0.262890937,-0.4995357
1915,0.539407103,-0.239335644,-0.196536364,-0.255373053,-0.259244244,-0.486523068
1916,0.540695238,-0.235388119,-0.196071862,-0.251755132,-0.255192362,-0.47461306
1917,0.539732901,-0.231419802,-0.19584257,-0.247882393,-0.251101573,-0.46421279
1918,0.54103038,-0.228290099,-0.195564681,-0.244797996,-0.248224396,-0.455948909
1919,0.536361795,-0.224550495,-0.195013298,-0.241270378,-0.244676732,-0.447899147
1920,0.537571017,-0.221094059,-0.194074383,-0.238012892,-0.241794021,-0.437141154
1921,0.535693732,-0.218610891,-0.192760558,-0.235622319,-0.239313451,-0.427943734
1922,0.538088828,-0.215287129,-0.191188856,-0.232006938,-0.235875665,-0.419628772
1923,0.540323006,-0.212587129,-0.189529994,-0.228950734,-0.233234278,-0.411420814
1924,0.542069904,-0.209982178,-0.187946619,-0.226388222,-0.230405258,-0.402722124
1925,0.542980087,-0.207781188,-0.186539997,-0.224268411,-0.228624402,-0.393562347
1926,0.542823435,-0.20500297,-0.185320504,-0.221016993,-0.225320659,-0.384729325
1927,0.544498137,-0.201218812,-0.184208659,-0.216474043,-0.220598618,-0.373163356
1928,0.552618399,-0.19879802,-0.183063369,-0.213184902,-0.217160783,-0.363111505
1929,0.552880336,-0.19549703,-0.181725864,-0.209286246,-0.213304938,-0.350708393
1930,0.555000487,-0.19089604,-0.18006391,-0.203981473,-0.208299729,-0.337405518
1931,0.559432787,-0.185947525,-0.178002356,-0.198530269,-0.202674984,-0.325374383
1932,0.562495335,-0.181657426,-0.175531884,-0.193433048,-0.197473697,-0.312230789
1933,0.570632466,-0.177667327,-0.172695808,-0.189519827,-0.193162745,-0.304357059
1934,0.575753337,-0.173974257,-0.169561997,-0.185373301,-0.188595216,-0.294758445
1935,0.578093881,-0.16919505,-0.16619125,-0.181634393,-0.184859556,-0.285726666
1936,0.581705336,-0.16409703,-0.162613432,-0.177203208,-0.180394426,-0.275398925
1937,0.580782269,-0.15969901,-0.158818946,-0.173182878,-0.176373526,-0.26827244
1938,0.586649505,-0.153565347,-0.15476713,-0.167350367,-0.170315336,-0.254141103
1939,0.586215027,-0.148393069,-0.150407215,-0.16257248,-0.165552651,-0.241918077
1940,0.585799857,-0.143272277,-0.145703459,-0.157833841,-0.160588759,-0.230320943
1941,0.586480414,-0.136776238,-0.140655209,-0.151994322,-0.15463605,-0.216496234
1942,0.587257756,-0.131708911,-0.135304842,-0.147188884,-0.149515195,-0.205282219
1943,0.588863904,-0.125808911,-0.129730901,-0.141676816,-0.144262707,-0.192517008
1944,0.594081874,-0.11830297,-0.124028687,-0.134814062,-0.137142006,-0.179237823
1945,0.600253006,-0.112512871,-0.118284401,-0.130358265,-0.132807273,-0.168819355
1946,0.605316373,-0.106657426,-0.11258528,-0.125077285,-0.127106287,-0.157991743
1947,0.605882137,-0.100932673,-0.106884871,-0.120520177,-0.12309289,-0.145948005
1948,0.615958887,-0.094187129,-0.101138413,-0.114656679,-0.118179992,-0.131605227
1949,0.619127034,-0.088457426,-0.095259269,-0.109640475,-0.113211793,-0.119742873
1950,0.623804113,-0.082174257,-0.089135139,-0.104078313,-0.107773337,-0.107215536
1951,0.625913783,-0.080517,-0.088037271,-0.102523829,-0.106065297,-0.100001592
1952,0.627029262,-0.078968687,-0.086648111,-0.100914701,-0.104509569,-0.095588895
1953,0.626446121,-0.076217347,-0.084851316,-0.09868575,-0.102193902,-0.086799615
1954,0.626732517,-0.073041237,-0.082589584,-0.096014542,-0.09968359,-0.078783288
1955,0.624268257,-0.070130208,-0.07986281,-0.093611238,-0.097104721,-0.071103996
1956,0.62076971,-0.067092632,-0.076715756,-0.091634446,-0.095106734,-0.062185346
1957,0.618967349,-0.064276596,-0.073221865,-0.089638849,-0.093025412,-0.055428634
1958,0.617275904,-0.060398925,-0.069468956,-0.086429293,-0.089842094,-0.04575505
1959,0.616744172,-0.057284783,-0.065549474,-0.083596356,-0.087029944,-0.038706272
1960,0.618739987,-0.053089011,-0.061554684,-0.079965143,-0.083589709,-0.030742957
1961,0.618446337,-0.048681111,-0.057570065,-0.075992152,-0.079565559,-0.020567699
1962,0.617865316,-0.044834831,-0.053669253,-0.072753911,-0.076126393,-0.012236719
1963,0.619112435,-0.040561364,-0.049905737,-0.068686937,-0.072192409,-0.002639137
1964,0.619886811,-0.036698851,-0.046304103,-0.064956788,-0.068415995,0.004232987
1965,0.616588172,-0.033422093,-0.042854483,-0.062075952,-0.065512992,0.011124427
1966,0.613431142,-0.030489412,-0.039513964,-0.059767403,-0.063363026,0.016720205
1967,0.614712059,-0.026134524,-0.03621684,-0.055909635,-0.059381567,0.024886678
1968,0.616577891,-0.021595181,-0.032892534,-0.051184367,-0.054730336,0.03275367
1969,0.620908413,-0.017702439,-0.029486937,-0.047341602,-0.050883636,0.04053758
1970,0.624008741,-0.014153086,-0.025981035,-0.043857554,-0.047111461,0.049745743
1971,0.628014909,-0.01078375,-0.022400956,-0.040225426,-0.043503725,0.057079026
1972,0.629258547,-0.007527848,-0.018815663,-0.036864337,-0.040157156,0.06386632
1973,0.6313131,-0.00435641,-0.015322086,-0.034088791,-0.03730499,0.070415992
1974,0.632823169,-0.001107792,-0.012021153,-0.030915807,-0.033998009,0.073272815
1975,0.638222693,0.001861842,-0.008990973,-0.027714146,-0.030764705,0.077189497
1976,0.638121068,0.004466667,-0.006264524,-0.024532456,-0.027748371,0.082135375
1977,0.638495472,0.007051351,-0.003818285,-0.020926231,-0.024295289,0.087409369
1978,0.641007296,0.010269863,-0.001575639,-0.016704213,-0.020172012,0.09268951
1979,0.641141358,0.013755556,0.000574808,-0.012224466,-0.015794733,0.0987786
1980,0.643599423,0.017359155,0.00274966,-0.008051621,-0.011347331,0.105490922
1981,0.643338027,0.019132857,0.005036693,-0.00617044,-0.00947577,0.108563262
1982,0.644180575,0.021149275,0.007464777,-0.003370665,-0.006835688,0.113935325
1983,0.644797981,0.023691176,0.009985934,-0.000192292,-0.003598246,0.121601072
1984,0.645358851,0.026773134,0.012475452,0.003298339,-0.000415745,0.128830787
1985,0.646244652,0.028512121,0.01475211,0.005589326,0.001206657,0.132693161
1986,0.644084623,0.030733846,0.016615683,0.007901176,0.003079597,0.135548744
1987,0.643128886,0.032342188,0.017894204,0.009679153,0.004483316,0.137113878
1988,0.642824326,0.03335873,0.018490091,0.011333263,0.006279736,0.138600296
1989,0.641042222,0.034487097,0.018413374,0.013332136,0.008263599,0.140224441
1990,0.64433304,0.035167213,0.017792465,0.014522737,0.00991092,0.141500538
1991,0.642106424,0.035155,0.016858072,0.015340956,0.010910731,0.14086158
1992,0.635442114,0.036520339,0.015902856,0.016647651,0.01232291,0.143250198
1993,0.628322522,0.03727069,0.015226368,0.017301734,0.013249388,0.145437991
1994,0.627047746,0.038175439,0.015079539,0.019247841,0.015693839,0.146945739
1995,0.624039813,0.039380357,0.015623673,0.021431782,0.017901924,0.150062245
1996,0.623133908,0.039987273,0.016914874,0.022827498,0.019662974,0.148236132
1997,0.626437338,0.041668519,0.018916976,0.024932292,0.021184085,0.149937887
1998,0.628327483,0.043911321,0.021536622,0.028143452,0.024404941,0.156830415
1999,0.62671554,0.045965385,0.024666609,0.029855871,0.026347376,0.159123837
2000,0.627997609,0.049309804,0.02822072,0.033458674,0.030419803,0.168900925
